<?xml version="1.0" encoding="UTF-8"?>
<!DOCTYPE properties SYSTEM "http://java.sun.com/dtd/properties.dtd">
<properties>
<entry key="0_end_p_location_offset">2147483647</entry>
<entry key="0_start_p_location_line">66</entry>
<entry key="0_start_p_location_file">{$projectDirectory}/src/badslowcode/BadSlowCode.java</entry>
<entry key="1_end_p_location_file">{$projectDirectory}/src/badslowcode/BadSlowCode.java</entry>
<entry key="1_end_p_location_offset">2147483647</entry>
<entry key="1_start_p_location_offset">-2147483648</entry>
<entry key="0_end_p_location_line">66</entry>
<entry key="0_p_enabled">true</entry>
<entry key="1_p_enabled">true</entry>
<entry key="0_end_p_location_file">{$projectDirectory}/src/badslowcode/BadSlowCode.java</entry>
<entry key="1_start_p_location_file">{$projectDirectory}/src/badslowcode/BadSlowCode.java</entry>
<entry key="1_end_p_location_line">104</entry>
<entry key="1_start_p_location_line">98</entry>
<entry key="0_p_name">Stopwatch at BadSlowCode:29</entry>
<entry key="0_start_p_location_offset">-2147483648</entry>
<entry key="1_p_name">Stopwatch at BadSlowCode:42</entry>
</properties>
